{
	"partitions" : [
		{
			"name" : "Top",
			"pins" : [
				{
					"name" : "col[0]",
					"strict" : false
				},
				{
					"name" : "col[1]",
					"strict" : false
				},
				{
					"name" : "col[2]",
					"strict" : false
				},
				{
					"name" : "col[3]",
					"strict" : false
				},
				{
					"name" : "lcd_rs",
					"strict" : false
				},
				{
					"name" : "lcd_e",
					"strict" : false
				},
				{
					"name" : "lcd_data[0]",
					"strict" : false
				},
				{
					"name" : "lcd_data[1]",
					"strict" : false
				},
				{
					"name" : "lcd_data[2]",
					"strict" : false
				},
				{
					"name" : "lcd_data[3]",
					"strict" : false
				},
				{
					"name" : "lcd_data[4]",
					"strict" : false
				},
				{
					"name" : "lcd_data[5]",
					"strict" : false
				},
				{
					"name" : "lcd_data[6]",
					"strict" : false
				},
				{
					"name" : "lcd_data[7]",
					"strict" : false
				},
				{
					"name" : "clk",
					"strict" : false
				},
				{
					"name" : "Clear",
					"strict" : false
				},
				{
					"name" : "row[0]",
					"strict" : false
				},
				{
					"name" : "row[1]",
					"strict" : false
				},
				{
					"name" : "row[2]",
					"strict" : false
				},
				{
					"name" : "row[3]",
					"strict" : false
				},
				{
					"name" : "PlusOrMinus",
					"strict" : false
				},
				{
					"name" : "Board[0]",
					"strict" : false
				},
				{
					"name" : "Board[11]",
					"strict" : false
				},
				{
					"name" : "Board[6]",
					"strict" : false
				}
			]
		}
	]
}